unit_base,unit_awake,mat_1,mat_1_num,mat_2,mat_2_num,mat_3,mat_3_num,mat_4,mat_4_num,mat_5,mat_5_num
onimaru_kunitsuna-6,onimaru_kunitsuna-ua,little_humpty,1,ame_no_murakumo-6,99,masamune-6,99,muramasa-6,99,n/a,0
gram-6,gram-ua,little_humpty,1,balmung,99,laevateinn,99,excalibur,99,n/a,0
longinus-6,longinus-ua,little_humpty,1,gungnir-6,99,trident-6,99,gae_bolg-6,99,n/a,0
thyrsos-6,thyrsos-ua,little_humpty,1,caduceus-6,99,sha_wujing-6,99,gambanteinn-6,99,n/a,0
mistilteinn-6,mistilteinn-ua,little_humpty,1,pinaka,99,failnaught,99,ame_no_makako,99,n/a,0
bonanza-ua-accel,bonanza-ua,bonanza-6,99,green_liddell_note,50,green_liddell_paper,50,green_liddell_piece,50,n/a,0
rose-ua-accel,rose-ua,rose-6,99,red_liddell_note,50,red_liddell_paper,50,red_liddell_piece,50,n/a,0
sophia-ua-accel,sophia-ua,sophia-6,99,yellow_liddell_note,50,yellow_liddell_paper,50,yellow_liddell_piece,50,n/a,0
azathoth-5,azathoth-red,cthugha-5,75,mi-go-5,75,cthulhu-5,75,tsathoggua-5,75,ubbo-sathla-5,75
azathoth-5,azathoth-green,shub-niggurath-5,75,cthugha-5,75,cthulhu-5,75,tsathoggua-5,75,ubbo-sathla-5,75
azathoth-5,azathoth-blue,yog-sothoth-5,75,shub-niggurath-5,75,mi-go-5,75,cthulhu-5,75,ubbo-sathla-5,75
azathoth-5,azathoth-yellow,yog-sothoth-5,75,cthugha-5,75,mi-go-5,75,cthulhu-5,75,ubbo-sathla-5,75
lee-do-6,lee-do-ua,lee_bangwon-5,50,lee_sunggye-5,50,yeonsangun-5,50,jang_hui-bin-5,50,sejo_of_joseon-5,50
donghai_longwang-5,donghai_longwang-6,lan_caihe-5,1,zhang_guolao-5,1,cao_guojiu-5,1,zhongli_quan-5,1,azure_dragon_horn,10
donghai_longwang-6,donghai_longwang-ua,cao_cao-5,50,zhong_kui-5,50,han_fei-5,50,taotie-5,50,azure_dragon_horn,99
almagest-2,almagest-3,taurus-5,1,pisces-5,1,aries-5,1,aquarius-5,1,almagest-1,1
almagest-3,almagest-4,aquarius-5,10,capricorn-5,10,sagittarius-5,10,gemini_sister-5,10,almagest-1,10
almagest-4,almagest-5,taurus-5,40,pisces-5,40,aries-5,40,gemini_sister-5,40,almagest-1,40
almagest-5,almagest-6,taurus-5,99,aries-5,99,capricorn-5,99,gemini_sister-5,99,almagest-1,99
almagest-5,almagest-ua,pisces-5,99,aquarius-5,99,sagittarius-5,99,gemini_sister-5,99,almagest-1,99
almagest-6,almagest-ua,ophiuchus-5,1,ophiuchus-red,1,ophiuchus-green,1,ophiuchus-blue,1,ophiuchus-yellow,1
almagest-ua,almagest-6,ophiuchus-5,1,ophiuchus-red,1,ophiuchus-green,1,ophiuchus-blue,1,ophiuchus-yellow,1
mutated_taowu-5,mutated_taowu-6,awakening_charm,99,yao-6,50,mutated_taotie-6,50,mutated_qiong_qi-6,50,mutated_hun_dun-6,50
abomination-5,abomination-6,little_humpty,3,dynamo_dormouse,8,yellow_hatter,8,yellow_caterpillar,8,yellow_rabbit,8
erosion-5,erosion-6,little_humpty,5,hades,5,gilles_de_rais,5,n/a,0,n/a,0
distortion-5,distortion-6,little_humpty,5,cont_jeanne,5,anubis,5,n/a,0,n/a,0
fraud-5,fraud-6,little_humpty,5,cont_freyr,5,cont_oz-5,5,n/a,0,n/a,0
despair-5,despair-6,little_humpty,5,kojiro_sasaki,5,jp_azathoth-5,5,n/a,0,n/a,0
falter-5,falter-6,little_humpty,5,cont_jeanne,5,gogh-5,5,n/a,0,n/a,0
dormouse_cl-5,dormouse_cl-6,loki-5,1,dynamo_dormouse,1,n/a,0,n/a,0,n/a,0
rosen-5,rosen-6,lucifer-5,1,lu_bu-5,1,n/a,0,n/a,0,n/a,0
shiva_cmr-tn-5,shiva_cmr-tn-6,kama-4,1,shiva-4,1,tezcatlipoca-5,1,n/a,0,n/a,0
lord_jerry-5,lord_jerry-6,jerry-1,5,azazel-4,1,loki-5,1,n/a,0,n/a,0
onsen_yomi-5,onsen_yomi-6,tsukuyomi,1,n/a,0,n/a,0,n/a,0,n/a,0
blossom_rap_hokusai-5,blossom_rap_hokusai-6,hideyoshi_toyotomi-5,1,ieyasu_tokugawa-5,1,n/a,0,n/a,0,n/a,0
dm_hou_yi_chang_e-5,dm_hou_yi_chang_e-6,promise_of_protection,99,dm_chang_e,50,jin_wu,50,hou_yi-6,50,wu_gang-6,50
xing_tian-6,xing_tian-ua,xing_tian_warrior_spirit,1,n/a,0,n/a,0,n/a,0,n/a,0
moriarty-5,moriarty-6,little_humpty,2,grimm-4,1,louis_xvi-5,1,fiend_w_20_faces-5,1,moriarty_black_lantern,1
cont_oz-5,cont_oz-6,zeus-5,1,oz-4,1,n/a,0,n/a,0,n/a,0
oi-5,oi-6,andersen-5,1,lupica-5,1,n/a,0,n/a,0,n/a,0
gogh-5,gogh-6,lu_bu-5,1,n/a,0,n/a,0,n/a,0,n/a,0
taowu-5,taowu-6,taotie-5,5,qiong_qi-5,5,hun_dun-5,3,little_humpty,3,n/a,0
yao-5,yao-6,little_humpty,1,taotie-6,10,qiong_qi-6,10,hun_dun-6,10,taowu-6,10
pu_songling-5,pu_songling-6,little_humpty,1,ban_gu-5,1,hui_shi-5,1,huainanzi-5,1,painted_skin-5,1
kui_mu_lang-5,kui_mu_lang-6,little_humpty,1,flaming_dodo,10,black_rose,20,red_hatter,10,n/a,0
bai_hua_xiu-5,bai_hua_xiu-6,little_humpty,1,deep_sea_turtle,10,red_peony,20,blue_hatter,10,n/a,0
ubbo-sathla-5,ubbo-sathla-6,little_humpty,1,g-star_children-4,1,gareth-4,1,fiend_w_20_faces-5,1,ultrastellar_tablet,1
cthulhu-5,cthulhu-6,little_humpty,2,tiamat-5,1,shakespeare-5,1,hanbei_takenaka-5,1,chaotic_sample,1
sagittarius-5,sagittarius-6,taurus-5,5,pisces-5,5,aries-5,5,aquarius-5,5,capricorn-5,5
gemini_sister-5,gemini_sister-6,ophiuchus-5,1,ophiuchus-red,1,ophiuchus-green,1,ophiuchus-blue,1,ophiuchus-yellow,1
sejo_of_joseon-5,sejo_of_joseon-6,little_humpty,1,beelzebub-5,1,dong_zhuo-5,1,uranus-5,1,jekyll_hyde-5,1
shu_e-5,shu_e-6,tome_of_calamity,10,du_fu-5,20,li_he-5,20,li_qingzhao-5,20,ouyang_xiu-5,20
shu_e-5,shu_e-ua,tome_of_calamity,10,du_fu-5,20,li_he-5,20,li_qingzhao-5,20,ouyang_xiu-5,20
shu_e-6,shu_e-ua,tome_of_calamity,1,green_rabbit,1,green_caterpillar,1,green_hatter,1,n/a,0
shu_e-ua,shu_e-6,tome_of_calamity,1,green_rabbit,1,green_caterpillar,1,green_hatter,1,n/a,0
koj_force_oda_tokugawa-5,koj_force_oda_tokugawa-6,little_humpty,3,nobunaga_oda-5,3,ieyasu_tokugawa-5,2,arthur-4,1,dynamo_dormouse,3
hero_alliance-5,hero_alliance-6,little_humpty,3,alexander-5,3,gilgamesh-5,2,arthur-4,1,dynamo_dormouse,3
s_d_b-5,s_d_b-6,chika-3,1,pazuzu-4,1,n/a,0,n/a,0,n/a,0
dodo-5,dodo-6,loki-5,1,flaming_dodo,1,n/a,0,n/a,0,n/a,0
natsume_akutagawa-5,natsume_akutagawa-6,krampus-5,1,n/a,0,n/a,0,n/a,0,n/a,0
hallucigenia_cl-5,hallucigenia_cl-6,ying_zheng-5,1,n/a,0,n/a,0,n/a,0,n/a,0
smilodon-5,smilodon-6,qilin-4,1,n/a,0,n/a,0,n/a,0,n/a,0
william-5,william-6,set-5,1,kafka-5,1,n/a,0,n/a,0,n/a,0
isekai_azazel-5,isekai_azazel-6,gilgamesh-5,1,n/a,0,n/a,0,n/a,0,n/a,0
xmas_galileo_galilei-6,xmas_galileo_galilei-6,xmas_galileo-5,1,n/a,0,n/a,0,n/a,0,n/a,0
noin-5,noin-6,hideyoshi_toyotomi-5,1,hou_yi-5,1,n/a,0,n/a,0,n/a,0
thetis_cmr-tn-5,thetis_cmr-tn-6,persephone-5,1,n/a,0,n/a,0,n/a,0,n/a,0
ny_hera-5,ny_hera-6,hera-5,1,n/a,0,n/a,0,n/a,0,n/a,0
ny_leviathan-5,ny_leviathan-6,jerry-1,3,ieyasu_tokugawa-5,1,n/a,0,n/a,0,n/a,0
virbu-5,virbu-6,sandalphon-5,1,n/a,0,n/a,0,n/a,0,n/a,0
gennai_hiraga-5,gennai_hiraga-6,ying_zheng-5,1,n/a,0,n/a,0,n/a,0,n/a,0
valentines_tsukuyomi-5,valentines_tsukuyomi-6,amaterasu-4,1,wakahirume-5,1,n/a,0,n/a,0,n/a,0
valentines_tsukuyomi-5,valentines_tsukuyomi-ua,manager_macaron,1,amaterasu-4,1,wakahirume-5,1,n/a,0,n/a,0
valentines_tsukuyomi-6,valentines_tsukuyomi-ua,manager_macaron,1,n/a,0,n/a,0,n/a,0,n/a,0
valentines_tsukuyomi-ua,valentines_tsukuyomi-6,deep_sea_turtle,1,n/a,0,n/a,0,n/a,0,n/a,0
onsen_dong_zhuo-5,onsen_dong_zhuo-6,lu_bu-5,1,n/a,0,n/a,0,n/a,0,n/a,0
blossom_rap_kagutsuchi-5,blossom_rap_kagutsuchi-6,qilin-4,1,n/a,0,n/a,0,n/a,0,n/a,0
singer_columbus-6,singer_columbus-ua,columbus-6,99,travel_columbus-6,99,travel_michelangelo-6,99,singer_columbus-6,99,columbus_trunk,99
xmas_nakoto-5,xmas_nakoto-6,flaming_dodo,1,thousand_gales_griffon,2,deep_sea_turtle,2,dynamo_dormouse,5,n/a,0
xmas_virgo_taurus-5,xmas_virgo_taurus-6,little_humpty,2,red_hatter,2,gael-4,1,jeanne-4,1,red_hare-4,1
travel_yog-sothoth-6,travel_yog-sothoth-ua,yog-sothoth-6,99,travel_yog-sothoth-6,99,mysterious_merchant_mask,99,plague_doctor_mask,99,artiglio_scheggatio,99
walpurgisnacht-5,walpurgisnacht-6,little_humpty,2,thousand_gales_griffon,3,n/a,0,n/a,0,n/a,0
accelerator-5,accelerator-6,little_humpty,3,thousand_gales_griffon,3,green_hatter,3,green_caterpillar,3,green_rabbit,3
ellen_m_mathers-5,ellen_m_mathers-6,little_humpty,2,deep_sea_turtle,3,n/a,0,n/a,0,n/a,0
ellen_m_mathers-5,ellen_m_mathers-ua,shido,1,n/a,0,n/a,0,n/a,0,na,0
ellen_m_mathers-6,ellen_m_mathers-ua,shido,1,n/a,0,n/a,0,n/a,0,n/a,0
ellen_m_mathers-ua,ellen_m_mathers-6,deep_sea_turtle,1,n/a,0,n/a,0,n/a,0,n/a,0
gothic_rock_meiko-5,gothic_rock_meiko-6,little_humpty,2,flaming_dodo,3,n/a,0,n/a,0,n/a,0
bonanza-5,bonanza-6,little_humpty,2,bonanza_veil,1,n/a,0,n/a,0,n/a,0
rose-5,rose-6,little_humpty,2,rose_thruster,1,n/a,0,n/a,0,n/a,0
sophia-5,sophia-6,little_humpty,2,sophia_crown,1,n/a,0,n/a,0,n/a,0
elly-5,elly-6,little_humpty,2,elly_corsage,1,n/a,0,n/a,0,n/a,0
gung_ye-5,gung_ye-6,little_humpty,2,thousand_gales_griffon,3,n/a,0,n/a,0,n/a,0
past_taotie-5,past_taotie-6,yinglong,20,ying_zheng-5,1,infected_yama,1,taotie-6,1,n/a,0
past_qiong_qi-5,past_qiong_qi-6,zhulong,20,sandalphon-5,1,qiong_qi-6,1,hui_shi-5,1,n/a,0
mutated_hun_dun-5,mutated_hun_dun-6,jing_wei,20,persephone-5,1,zhong_kui-5,1,hun_dun-6,1,n/a,0
muramasa-5,muramasa-6,little_humpty,2,urashima-4,2,ezo-4,2,red_hatter,1,n/a,0
masamune-5,masamune-6,little_humpty,2,kaede-4,2,haydn_ogre-4,2,green_hatter,1,n/a,0
ame_no_murakumo-5,ame_no_murakumo-6,little_humpty,2,yuzuru-4,2,yuki-onna-4,2,blue_hatter,1,n/a,0
gae_bolg-5,gae_bolg-6,little_humpty,2,lessa_gigan-4,2,haydn_ogre-4,2,green_hatter,1,n/a,0
trident-5,trident-6,little_humpty,2,leedsichthys-4,2,yuzuru-4,2,blue_hatter,1,n/a,0
gungnir-5,gungnir-6,little_humpty,2,sugaru-4,2,mjolnir-4,2,yellow_hatter,1,n/a,0
gambanteinn-5,gambanteinn-6,little_humpty,2,megalodon-4,2,ezo-4,2,red_hatter,1,n/a,0
sha_wujing-5,sha_wujing-6,little_humpty,2,leedsichthys-4,2,sugarful-4,2,blue_hatter,1,n/a,0
caduceus-5,caduceus-6,little_humpty,2,anomalocaris-4,2,sugaru-4,2,yellow_hatter,1,n/a,0
onsen_necronomicon-5,onsen_necronomicon-6,little_humpty,3,travel_columbus-5,1,travel_michelangelo-6,1,yellow_hatter,1,dynamo_dormouse,1
strength-5,strength-6,little_humpty,1,red_rabbit,1,red_caterpillar,1,flaming_dodo,1,n/a,0
lovers-5,lovers-6,little_humpty,1,green_rabbit,1,green_caterpillar,1,thousand_gales_griffon,1,n/a,0
chariot-5,chariot-6,little_humpty,1,blue_rabbit,1,blue_caterpillar,1,deep_sea_turtle,1,n/a,0
magician-5,magician-6,little_humpty,1,yellow_rabbit,1,yellow_caterpillar,1,dynamo_dormouse,1,n/a,0
ranpo_edogawa-5,ranpo_edogawa-6,evidence_a,1,evidence_b,1,evidence_c,1,n/a,0,n/a,0
nakoto-5,nakoto-6,ig,99,shoggoth-6,99,nightgaunt-6,99,n/a,0,n/a,0
ophiuchus-5,ophiuchus-red,ophiuchus-yellow,1,n/a,0,n/a,0,n/a,0,n/a,0
ophiuchus-5,ophiuchus-green,ophiuchus-red,1,n/a,0,n/a,0,n/a,0,n/a,0
ophiuchus-5,ophiuchus-blue,ophiuchus-green,1,n/a,0,n/a,0,n/a,0,n/a,0
ophiuchus-5,ophiuchus-yellow,ophiuchus-blue,1,n/a,0,n/a,0,n/a,0,n/a,0
ophiuchus-red,ophiuchus-green,aquarius-5,1,n/a,0,n/a,0,n/a,0,n/a,0
ophiuchus-red,ophiuchus-blue,pisces-5,1,n/a,0,n/a,0,n/a,0,n/a,0
ophiuchus-red,ophiuchus-yellow,taurus-5,1,n/a,0,n/a,0,n/a,0,n/a,0
ophiuchus-green,ophiuchus-red,aries-5,1,n/a,0,n/a,0,n/a,0,n/a,0
ophiuchus-green,ophiuchus-blue,pisces-5,1,n/a,0,n/a,0,n/a,0,n/a,0
ophiuchus-green,ophiuchus-yellow,taurus-5,1,n/a,0,n/a,0,n/a,0,n/a,0
ophiuchus-blue,ophiuchus-red,aries-5,1,n/a,0,n/a,0,n/a,0,n/a,0
ophiuchus-blue,ophiuchus-green,aquarius-5,1,n/a,0,n/a,0,n/a,0,n/a,0
ophiuchus-blue,ophiuchus-yellow,taurus-5,1,n/a,0,n/a,0,n/a,0,n/a,0
ophiuchus-yellow,ophiuchus-red,aries-5,1,n/a,0,n/a,0,n/a,0,n/a,0
ophiuchus-yellow,ophiuchus-green,aquarius-5,1,n/a,0,n/a,0,n/a,0,n/a,0
ophiuchus-yellow,ophiuchus-blue,pisces-5,1,n/a,0,n/a,0,n/a,0,n/a,0
travel_michelangelo-6,travel-michelangelo-ua,michelangelo-6,99,travel_michelangelo-6,99,mal,99,dir,99,amo,99
qilin-4,qilin-5,amaterasu-4,1,azazel-4,1,jeanne-4,1,musashi_miyamoto-4,1,n/a,0
qilin-5,qilin-6,yellow_rabbit,1,yellow_caterpillar,1,yellow_hatter,1,little_humpty,1,n/a,0
qilin-5,qilin-ua,lupica-5,1,sugaru-4,3,yomi-4,3,n/a,0,n/a,0
qilin-6,qilin-ua,sugaru-4,2,yomi-4,2,n/a,0,n/a,0,n/a,0
qilin-ua,qilin-6,yellow_rabbit,1,yellow_caterpillar,1,yellow_hatter,1,n/a,0,n/a,0
odin-4,odin-5,oz-4,1,arthur-4,1,g-star_children-4,1,hugin_munin-4,1,n/a,0
odin-5,odin-6,blue_rabbit,1,blue_caterpillar,1,blue_hatter,1,n/a,0,n/a,0
odin-5,odin-ua,colchis-5,1,gjallarhorn-4,3,hel-5,2,n/a,0,n/a,0
odin-6,odin-ua,gjallarhorn-4,2,hel-5,1,n/a,0,n/a,0,n/a,0
odin-ua,odin-6,blue_rabbit,1,blue_hatter,1,blue_hatter,1,n/a,0,n/a,0
nobunaga_oda-5,nobunaga_oda-6,kama-4,1,shoki-4,1,yomi-4,1,shiva-4,1,little_humpty,1
nobunaga_oda-5,nobunaga_oda-ua,amaterasu-4,3,sen_no_rikyu-4,3,hanbei_takenaka-5,1,n/a,0,n/a,0
nobunaga_oda-6,nobunaga_oda-ua,amaterasu-4,2,sen_no_rikyu-4,2,n/a,0,n/a,0,n/a,0
nobunaga_oda-ua,nobunaga_oda-6,red_rabbit,1,red_caterpillar,1,red_hatter,1,n/a,0,n/a,0
lucifer-5,lucifer-6,jeanne-4,1,musashi_miyamoto-4,1,freyr-4,1,little_humpty,1,beelzebub-5,1
zeus-5,zeus-6,little_humpty,1,grimm-4,1,shingen_takeda-5,1,typhon-5,1,xena-5,1
set-5,set-6,little_humpty,1,g-star_children-4,1,shiva-4,1,louis_xvi-5,1,osiris-5,1
gilgamesh-5,gilgamesh-6,little_humpty,1,arthur-4,1,gareth-4,1,benkei_musashibo-5,1,tiamat-5,1
lu_bu-5,lu_bu-6,little_humpty,1,azazel-4,1,musashi_miyamoto-4,1,dong_zhuo-5,1,diaochan-5,1
hera-5,hera-6,little_humpty,1,benkei_musashibo-5,1,lupica-5,1,uranus-5,1,delphyne-5,1
kafka-5,kafka-6,little_humpty,1,hugin_munin-4,1,louis_xvi-5,1,osamu_dazai-5,1,shakespeare-5,1
hideyoshi_toyotomi-5,hideyoshi_toyotomi-6,little_humpty,1,amaterasu-4,1,freyr-4,1,uranus-5,1,hanbei_takenaka-5,1
loki-5,loki-6,little_humpty,1,grimm-4,1,dong_zhuo-5,1,delphyne-5,1,hel-5,1
susanoo-5,susanoo-6,little_humpty,1,musashi_miyamoto-4,1,g-star_children-4,1,yomi-4,1,shingen_takeda-5,1
andersen-5,andersen-6,little_humpty,1,hugin_munin-4,1,xena-5,1,colchis-5,1,jekyll_hyde-5,1
alexander-5,alexander-6,little_humpty,1,uranus-5,1,wakahirume-5,1,jekyll_hyde-5,1,zenobia-5,1
arsene_lupin-5,arsene_lupin-6,little_humpty,1,cascade-5,1,dong_zhuo-5,1,jekyll_hyde-5,1,fiend_w_20_faces-5,1
mephisto-5,mephisto-6,little_humpty,1,jeanne-4,1,arthur-4,1,typhon-5,1,zenobia-5,1
perry-5,perry-6,little_humpty,1,louis_xvi-5,1,benkei_musashibo-5,1,osamu_dazai-5,1,wakahirume-5,1
ieyasu_tokugawa-5,ieyasu_tokugawa-6,little_humpty,1,shingen_takeda-5,1,benkei_musashibo-5,1,hanbei_takenaka-5,1,ieyasu_will,1
persephone-5,persephone-6,little_humpty,1,typhon-5,1,kali-5,1,fiend_w_20_faces-5,1,persephone_will,1
medjed-5,medjed-6,little_humpty,1,osiris-5,1,osamu_dazai-5,1,jekyll_hyde-5,1,mini_medjed,1
sandalphon-5,sandalphon-6,little_humpty,1,beelzebub-5,1,hel-5,1,jekyll_hyde-5,1,sandalphon_beytzah,1
cao_cao-5,cao_cao-6,little_humpty,1,jiaolong-5,1,sun_wukong-5,1,yue_lao-5,1,ox-head_horse-face-5,1
ying_zheng-5,ying_zheng-6,little_humpty,1,colchis-5,1,jiaolong-5,1,lan_caihe-5,1,zhang_guolao-5,1
xun_zi-5,xun_zi-6,little_humpty,1,g-star_children-4,1,jiaolong-5,1,sun_wukong-5,1,zhang_guolao-5,1
taotie-5,taotie-6,little_humpty,1,typhon-5,1,beelzebub-5,1,lan_caihe-5,1,hong_gui-5,1
han_fei-5,han_fei-6,little_humpty,1,diaochan-5,1,hanbei_takenaka-5,1,sun_wukong-5,1,cao_guojiu-5,1
qiong_qi-5,qiong_qi-6,little_humpty,1,g-star_children-5,1,tiamat-5,1,ox-head_horse-face-5,1,ji_chang-5,1
li_si-5,li_si-6,little_humpty,1,g-star_children-4,1,kali-5,1,hel-5,1,ox-head_horse-face-5,1
hun_dun-5,hun_dun-6,little_humpty,1,kali-5,1,hanzo_hattori-5,1,fiend_w_20_faces-5,1,yue_lao-6,1
lu_ban-5,lu-ban-6,little_humpty,1,lan_caihe-5,1,grimm-4,1,lupica-5,1,jekyll_hyde-5,1
ban_gu-5,ban_gu-6,little_humpty,1,gareth-4,1,colchis-5,1,athena-5,1,jekyll_hyde-5,1
ban_chao-5,ban_chao-6,little_humpty,1,atlas-5,1,eris-5,1,benkei_musashibo-5,1,yue_lao-5,1
huainanzi-5,huainanzi-6,little_humpty,1,musashi_miyamoto-4,1,oz-4,1,hanzo_hattori-5,1,jekyll_hyde-5,1
painted_skin-5,painted_skin-6,little_humpty,1,shoki-4,1,yomi-4,1,kali-5,1,fiend_w_20_faces-5,1
yog-sothoth-5,yog-sothoth-6,little_humpty,1,naga-5,1,hellsing-5,1,antoine-5,1,colossus-5,1
rasputin-5,rasputin-6,little_humpty,1,naga-5,1,hellsing-5,1,antoine-5,1,colossus-5,1
shub-niggurath-5,shub-niggurath-6,little_humpty,1,atlas-5,1,kali-5,1,brahma-5,1,hel-5,1
cthugha-5,cthugha-6,little_humpty,1,diaochan-5,1,jekyll_hyde-5,1,zenobia-5,1,nightgaunt-5,1
mi-go-5,mi-go-6,little_humpty,1,grimm-4,1,typhon-5,1,eris-5,1,osamu_dazai-5,1
tsathoggua-5,tsathoggua-6,little_humpty,1,tsathoggua-5,20,n/a,0,n/a,0,n/a,0
taurus-5,taurus-6,little_humpty,1,gael-4,1,misako-3,1,chika-3,1,lisa-3,1
pisces-5,pisces-6,little_humpty,1,iria-4,1,gothel-4,1,mjolnir-4,1,nelson-4,1
aries-5,aries-6,little_humpty,1,siren-4,1,colchis-5,1,shizuka_gozen-4,1,gjallarhorn-4,1
aquarius-5,aquarius-6,little_humpty,1,yuuya-4,1,kanetsugu_naoe-4,1,reflect_mirror-4,1,cyclops-4,1
capricorn-5,capricorn-6,little_humpty,1,nue-3,1,witch_octopus-4,1,haydn_ogre-4,1,g-star_children-4,1
lee_bangwon-5,lee_bangwon-6,little_humpty,1,freyr-4,1,shiva-4,1,mongryeong-5,1,hongryeon-5,1
eoudong-5,eoudong-6,little_humpty,1,kama-4,1,diaochan-5,1,kali-5,1,delphyne-5,1
lee_sunggye-5,lee_sunggye-6,little_humpty,1,louis_xvi-5,1,uranus-5,1,hongryeon-5,1,gyebaek-5,1
yeonsangun-5,yeonsangun-6,little_humpty,1,louis_xvi-5,1,tiamat-5,1,dong_zhuo-5,1,kali-5,1
jang_hui-bin-5,jang_hui-bin-6,little_humpty,1,azazel-4,1,shoki-4,1,beelzebub-5,1,mongryeong-5,1
buyeo_gu-5,buyeo_gu-6,little_humpty,1,typhon-5,1,atlas-5,1,eris-5,1,athena-5,1
sobyeol-wang-5,sobyeol-wang-6,little_humpty,1,shoki-4,1,yomi-4,1,lupica-5,1,shakespeare-5,1
pyohun_daedeok-5,pyohun_daedeok-6,little_humpty,1,azazel-4,1,freyr-4,1,dong_zhuo-5,1,delphyne-5,1
ao-5,ao-6,little_humpty,1,paper-5,1,movable_type-5,1,gunpowder-5,1,compass-5,1
du_fu-5,du_fu-6,little_humpty,1,yomi-4,1,tiamat-5,1,kali-5,1,delphyne-5,1
li_he-5,li_he-6,little_humpty,1,shoki-4,1,xena-5,1,lupica-5,1,kali-5,1
li_qingzhao-5,li_qingzhao-6,little_humpty,1,jeanne-4,1,kama-4,1,hel-5,1,zenobia-5,1
ouyang_xiu-5,ouyang_xiu-6,little_humpty,1,freyr-4,1,cascade-5,1,osiris-5,1,osamu_dazai-5,1
past_belial-5,past_belial-6,little_humpty,1,ose_justice,10,forneus_arrogance,10,baphomet_pleasure,10,n/a,0
nurupon_white,nurupon_red,little_humpty,1,nurupon_cube,50,n/a,0,n/a,0,n/a,0
nurupon_white,nurupon_green,little_humpty,1,nurupon_cube,50,n/a,0,n/a,0,n/a,0
nurupon_white,nurupon_blue,little_humpty,1,nurupon_cube,50,n/a,0,n/a,0,n/a,0
nurupon_white,nurupon_yellow,little_humpty,1,nurupon_cube,50,n/a,0,n/a,0,n/a,0
yao_bikuni-5,yao_bikuni-6,little_humpty,1,amaterasu-4,1,yomi-4,1,wakahirume-5,1,undine,1
tezcatlipoca-5,tezcatlipoca-6,dynamo_dormouse,2,yellow_hatter,3,n/a,0,n/a,0,n/a,0
french_rev_army-5,french_rev_army-6,louis_xvi-5,2,arthur-4,1,n/a,0,n/a,0,n/a,0
malphas-5,malphas-6,nue-3,1,rahu-3,1,n/a,0,n/a,0,n/a,0
cb_atsuhime-5,cb_atsuhime-6,kaede-4,1,nelson-4,1,n/a,0,n/a,0,n/a,0
griffon_turtle-5,griffon_turtle-6,amaterasu-4,1,thousand_gales_griffon,1,deep_sea_turtle,1,n/a,0,n/a,0
ogai_mori-5,ogai_mori-6,jekyll_hyde-5,1,n/a,0,n/a,0,n/a,0,n/a,0
megatherium-5,megatherium-6,wakahirume-5,1,n/a,0,n/a,0,n/a,0,n/a,0
z_hikoboshi_orihime-5,z_hikoboshi-6,delphyne-5,1,n/a,0,n/a,0,n/a,0,n/a,0
z_cockcroft-5,z_cockcroft-6,hera-5,1,n/a,0,n/a,0,n/a,0,n/a,0
isekai_izanami-5,isekai_izanami-6,hel-5,1,n/a,0,n/a,0,n/a,0,n/a,0
pythagoras-5,pythagoras-6,sun_wukong-5,1,n/a,0,n/a,0,n/a,0,n/a,0
xmas_erwin-5,xmas_erwin-6,shakespeare-5,1,n/a,0,n/a,0,n/a,0,n/a,0
xmas_galileo-5,xmas_galileo-6,odin-4,1,n/a,0,n/a,0,n/a,0,n/a,0
four_guardians_cmr-tn-5,four_guardians_cmr-tn-6,arthur-4,1,n/a,0,n/a,0,n/a,0,n/a,0
ny_beelzebub-5,ny_beelzebub-6,beelzebub-5,1,n/a,0,n/a,0,n/a,0,n/a,0
pito-5,pito-6,lupica-5,1,n/a,0,n/a,0,n/a,0,n/a,0
valentines_sphinx-5,valentines_sphinx-6,hugin_munin-4,1,n/a,0,n/a,0,n/a,0,n/a,0
valentines_sphinx-5,valentines_sphinx-ua,manager_handmade_cake,1,hugin_munin-4,1,n/a,0,n/a,0,n/a,0
valentines_sphinx-6,valentines_sphinx-ua,manager_handmade_cake,1,n/a,0,n/a,0,n/a,0,n/a,0
valentines_sphinx-ua,valentines_sphinx-6,yellow_hatter,1,n/a,0,n/a,0,n/a,0,n/a,0
valentines_amontons-5,valentines_amontons-6,atlas-5,,n/a,0,n/a,0,n/a,0,n/a,0
valentines_amontons-5,valentines_amontons-ua,mgr_mint_choco_mush,1,atlas-5,1,n/a,0,n/a,0,n/a,0
valentines_amontons-6,valentines_amontons-ua,mgr_mint_choco_mush,1,n/a,0,n/a,0,n/a,0,n/a,0
valentines_amontons-ua,valentines_amontons-6,red_hatter,1,n/a,0,n/a,0,n/a,0,n/a,0
onsen_fiend_w_20_faces-5,onsen_fiend_w_20_faces-6,jp_cthugha-5,1,n/a,0,n/a,0,n/a,0,n/a,0
rap_happy_yoshino-5,rap_happy_yoshino-6,paper-5,1,n/a,0,n/a,0,n/a,0,n/a,0
zhong_kui-5,zhong_kui-6,little_humpty,1,grimm-4,1,shoki-4,1,ox-head_horse-face-5,1,cao_guojiu-5,1
hou_yi-5,hou_yi-6,little_humpty,1,arthur-4,1,freyr-4,1,kama-4,1,sun_wukong-5,1
chu_huai_wang-5,chu_huai_wang-6,little_humpty,1,arthur-4,1,freyr-4,1,kama-4,1,sun_wukong-5,1
wu_gang-5,wu_gang-6,little_humpty,1,musashi_miyamoto-4,1,shiva-4,1,benkei_musashibo-5,1,zhongli_quan-5,1
yuan_shao-5,yuan_shao-6,little_humpty,1,azazel-4,1,grimm-4,1,ox-head_horse-face-5,1,ji_chang-5,1
xiaoxiu-5,xiaoxiu-6,little_humpty,1,grimm-4,1,g-star_children-5,1,shoki-4,1,tiamat-5,1
mecha_nian_beast-5,mecha_nian_beast-6,little_humpty,1,typhon-5,1,kali-5,1,delphyne-5,1,lan_caihe-5,1
krampus-5,krampus-6,little_humpty,1,jeanne-4,1,grimm-4,1,shakespeare-5,1,colossus-5,1
cheer_kafka-5,cheer_kafka-6,little_humpty,1,beelzebub-5,1,delphyne-5,1,wakahirume-5,1,cheecat,1
travel_columbus-5,travel_columbus-6,little_humpty,1,louis_xvi-5,1,dong_zhuo-5,1,hanbei_takenaka-5,1,columbus-5,1
hw_tom_sawyer-5,hw_tom_sawyer-6,little_humpty,3,blue_rabbit,3,blue_caterpillar,3,blue_hatter,3,deep_sea_turtle,3
halloween_silvia-5,halloween_silvia-6,little_humpty,3,yellow_rabbit,3,yellow_caterpillar,3,yellow_hatter,3,dynamo_dormouse,3
miku_lucifer-5,miku_lucifer-6,little_humpty,1,hatsune_miku_v3-5,1,miku_shikibu-5,1,rin_inaba-5,1,kaito_hamelin-5,1
crazed_cat-5,crazed_cat-6,little_humpty,1,valkyrie_cat-4,2,bahamut_cat-5,2,n/a,0,n/a,0
tos_lucifer-5,tos_lucifer-6,little_humpty,1,circe,2,endor,3,n/a,0,n/a,0
iori_yagami-5,iori_yagami-6,little_humpty,1,amaterasu-4,1,gareth-4,1,kali-5,1,chris-5,1
celebration_miku-5,celebration_miku-6,little_humpty,3,n/a,0,n/a,0,n/a,0,n/a,0
bonanza_luka-5,bonanza_luka-6,flaming_dodo,1,red_hatter,3,n/a,0,n/a,0,n/a,0
staphylococcus_aureus-5,staphylococcus_aureus-6,dynamo_dormouse,2,yellow_hatter,3,n/a,0,n/a,0,n/a,0
kitamura_motoyasu-5,kitamura_motoyasu-6,flaming_dodo,2,red_hatter,3,n/a,0,n/a,0,n/a,0
candy_witch-5,candy_witch-6,flaming_dodo,2,red_hatter,3,n/a,0,n/a,0,n/a,0
kamijou_touma-5,kamijou_touma-6,deep_sea_turtle,2,blue_hatter,3,n/a,0,n/a,0,n/a,0
misaka_10046-5,misaka_10046-6,little_humpty,2,flaming_dodo,3,n/a,0,n/a,0,n/a,0
origami_tobiichi-5,origami_tobiichi-6,dynamo_dormouse,2,yellow_hatter,3,n/a,0,n/a,0,n/a,0
origami_tobiichi-5,origami_tobiichi-ua,shido,1,n/a,0,n/a,0,n/a,0,n/a,0
origami_tobiichi-6,origami_tobiichi-ua,shido,1,n/a,0,n/a,0,n/a,0,n/a,0
origami_tobiichi-ua,origami_tobiichi-6,dynamo_dormouse,1,n/a,0,n/a,0,n/a,0,n/a,0
techno_pop_luka-5,techno_pop_luka-6,flaming_dodo,2,red_hatter,3,n/a,0,n/a,0,n/a,0
classical_kaito-5,classical_kaito-6,deep_sea_turtle,2,blue_hatter,3,n/a,0,n/a,0,n/a,0
troy-5,troy-6,little_humpty,1,red_rabbit,1,red_caterpillar,1,red_hatter,1,n/a,0
magallanica-5,magallanica-6,little_humpty,1,green_rabbit,1,green_caterpillar,1,green_hatter,1,n/a,0
nessebar-5,nessebar-6,little_humpty,1,blue_rabbit,1,blue_caterpillar,1,blue_hatter,1,n/a,0
lemuria-5,lemuria-6,little_humpty,1,yellow_rabbit,1,yellow_caterpillar,1,yellow_hatter,1,n/a,0
star_piece,xmas_date_arsene_lupin,ornament,30,n/a,0,n/a,0,n/a,0,n/a,0
star_piece,xmas_date_qilin,ornament,30,n/a,0,n/a,0,n/a,0,n/a,0
star_piece,xmas_date_odin,ornament,30,n/a,0,n/a,0,n/a,0,n/a,0
star_piece,xmas_date_nobunaga_oda,ornament,30,n/a,0,n/a,0,n/a,0,n/a,0
private_clothes_emilia-5,private_clothes_emilia-6,blue_ice_crystal,30,little_humpty,1,n/a,0,n/a,0,n/a,0
iwatani_naofumi-5,iwatani_naofumi-red,skill_tree,1,flaming_dodo,2,red_hatter,2,n/a,0,n/a,0
iwatani_naofumi-5,iwatani_naofumi-green,skill_tree,1,thousand_gales_griffon,2,green_hatter,2,n/a,0,n/a,0
iwatani_naofumi-5,iwatani_naofumi-blue,deep_sea_turtle,2,blue_hatter,3,n/a,0,n/a,0,n/a,0
iwatani_naofumi-5,iwatani_naofumi-yellow,skill_tree,1,dynamo_dormouse,2,yellow_hatter,2,n/a,0,n/a,0
iwatani_naofumi-red,iwatani_naofumi-green,skill_tree,1,n/a,0,n/a,0,n/a,0,n/a,0
iwatani_naofumi-red,iwatani_naofumi-blue,skill_tree,1,n/a,0,n/a,0,n/a,0,n/a,0
iwatani_naofumi-red,iwatani_naofumi-yellow,skill_tree,1,n/a,0,n/a,0,n/a,0,n/a,0
iwatani_naofumi-green,iwatani_naofumi-red,skill_tree,1,n/a,0,n/a,0,n/a,0,n/a,0
iwatani_naofumi-green,iwatani_naofumi-blue,skill_tree,1,n/a,0,n/a,0,n/a,0,n/a,0
iwatani_naofumi-green,iwatani_naofumi-yellow,skill_tree,1,n/a,0,n/a,0,n/a,0,n/a,0
iwatani_naofumi-blue,iwatani_naofumi-red,skill_tree,1,n/a,0,n/a,0,n/a,0,n/a,0
iwatani_naofumi-blue,iwatani_naofumi-green,skill_tree,1,n/a,0,n/a,0,n/a,0,n/a,0
iwatani_naofumi-blue,iwatani_naofumi-yellow,skill_tree,1,n/a,0,n/a,0,n/a,0,n/a,0
iwatani_naofumi-yellow,iwatani_naofumi-red,skill_tree,1,n/a,0,n/a,0,n/a,0,n/a,0
iwatani_naofumi-yellow,iwatani_naofumi-green,skill_tree,1,n/a,0,n/a,0,n/a,0,n/a,0
iwatani_naofumi-yellow,iwatani_naofumi-blue,skill_tree,1,n/a,0,n/a,0,n/a,0,n/a,0
jiaolong-6,jiaolong-uua,magic_dragon_spirit_core,1,jeanne-4,5,freyr-4,5,deep_sea_turtle,5,little_humpty,3
jiaolong-ua,jiaolong-uua,magic_dragon_spirit_core,1,jeanne-4,5,freyr-4,5,deep_sea_turtle,5,little_humpty,3
fahai-6,fahai-ua,sarira,1,shingen_takeda-5,5,benkei_musashibo-5,5,dynamo_dormouse,5,little_humpty,3
palais-5,palais-6,dynamo_dormouse,2,yellow_hatter,3,n/a,0,n/a,0,n/a,0
fude_zhengshen_2019-5,fude_zhengshen_2019-6,little_humpty,1,grimm-4,1,shoki-4,1,ox-head_horse-face-5,1,cao_guojiu-5,1
amaterasu-4,amaterasu-5,red_caterpillar,2,red_hatter,3,n/a,0,n/a,0,n/a,0
amaterasu-5,amaterasu-6,red_caterpillar,1,red_hatter,1,flaming_dodo,1,little_humpty,1,n/a,0
amaterasu-5,amaterasu-ua,shingen_takeda-5,1,reflect_mirror-4,3,serket-4,3,n/a,0,n/a,0
amaterasu-6,amaterasu-ua,reflect_mirror-4,2,serket-4,2,n/a,0,n/a,0,n/a,0
amaterasu-ua,amaterasu-6,red_rabbit,1,red_caterpillar,1,red_hatter,1,n/a,0,n/a,0
azazel-4,azazel-5,ashley-3,1,woolfe-4,1,thousand_gales_griffon,3,n/a,0,n/a,0
azazel-5,azazel-6,green_caterpillar,1,green_hatter,1,thousand_gales_griffon,1,little_humpty,1,n/a,0
azazel-5,azazel-ua,haydn_ogre-4,3,phoenix-4,3,beelzebub-5,1,n/a,0,n/a,0
azazel-6,azazel-ua,haydn_ogre-4,2,phoenix-4,2,n/a,0,n/a,0,n/a,0
azazel-ua,azazel-6,green_caterpillar,1,green_hatter,1,thousand_gales_griffon,1,n/a,0,n/a,0
jeanne-4,jeanne-5,blue-hatter,1,archelon-4,1,archelon-4,1,leedsichthys-4,1,leedsichthys-4,1
jeanne-5,jeanne-6,blue_caterpillar,1,blue_hatter,1,deep_sea_turtle,1,little_humpty,1,n/a,0
jeanne-5,jeanne-ua,tiamat-5,1,unicorn-3,3,silvere-4,3,n/a,0,n/a,0
jeanne-6,jeanne-ua,unicorn-3,2,silvere-4,2,n/a,0,n/a,0,n/a,0
jeanne-ua,jeanne-6,blue_rabbit,1,blue_caterpillar,1,blue_hatter,1,n/a,0,n/a,0
musashi_miyamoto-4,musashi_miyamoto-5,yellow_hatter,1,anomalocaris-4,1,anomalocaris-4,1,kaede-4,1,kaede-4,1
musashi_miyamoto-5,musashi_miyamoto-6,yellow_caterpillar,1,yellow_hatter,1,dynamo_dormouse,1,little_humpty,1,n/a,0
musashi_miyamoto-5,musashi_miyamoto-ua,typhon-5,1,nue-3,3,ranmaru_mori-4,3,n/a,0,n/a,0
musashi_miyamoto-6,musashi_miyamoto-ua,nue-3,2,ranmaru_mori-4,2,n/a,0,n/a,0,n/a,0
musashi_miyamoto-ua,musashi_miyamoto-6,yellow_rabbit,1,yellow_caterpillar,1,yellow_hatter,1,n/a,0,n/a,0
oz-4,oz-5,green_hatter,1,lessa_gigan-4,1,lessa_gigan-4,1,yuzuru-4,1,yuzuru-4,1
oz-5,oz-6,green_caterpillar,1,green_hatter,1,thousand_gales_griffon,1,little_humpty,1,n/a,0
oz-5,oz-ua,chika-3,3,shoki-4,1,land_dragon-4,3,n/a,0,n/a,0
oz-6,oz-ua,chika-3,2,land_dragon-4,2,n/a,0,n/a,0,n/a,0
oz-ua,oz-6,green_rabbit,1,green_caterpillar,1,green_hatter,1,n/a,0,n/a,0
arthur-4,arthur-5,red_hatter,1,ezo-4,1,ezo-4,1,sugaru-4,1,sugaru-4,1
arthur-5,arthur-6,red_caterpillar,1,red_hatter,1,flaming_dodo,1,little_humpty,1,n/a,0
arthur-5,arthur-ua,hydra-3,3,kama-4,1,phoenix-4,3,n/a,0,n/a,0
arthur-6,arthur-ua,hydra-3,2,phoenix-4,2,n/a,0,n/a,0,n/a,0
arthur-ua,arthur-6,red_rabbit,1,red_caterpillar,1,red_hatter,1,n/a,0,n/a,0
grimm-4,grimm-5,green_hatter,1,terabell-4,1,terabell-4,1,haydn_ogre-4,1,haydn_ogre-4,1
grimm-5,grimm-6,green_caterpillar,1,green_hatter,1,thousand_gales_griffon,1,little_humpty,1,n/a,0
grimm-5,grimm-ua,amaterasu-4,1,nasu_no_yoichi-4,3,pazuzu-4,3,n/a,0,n/a,0
grimm-6,grimm-ua,nasu_no_yoichi-4,2,pazuzu-4,2,n/a,0,n/a,0,n/a,0
grimm-ua,grimm-6,green_caterpillar,1,green_hatter,1,thousand_gales_griffon,1,n/a,0,n/a,0
g-star_children-4,g-star_children-5,yellow_hatter,1,chiemi-3,1,chiemi-3,1,sugarful-4,1,sugarful-4,1
g-star_children-5,g-star_children-6,yellow_caterpillar,1,yellow_hatter,1,dynamo_dormouse,1,little_humpty,1,n/a,0
g-star_children-5,g-star_children-ua,misako-3,3,serket-4,3,benkei_musashibo-5,1,n/a,0,n/a,0
g-star_children-6,g-star_children-ua,misako-3,2,serket-4,2,n/a,0,n/a,0,n/a,0
g-star_children-ua,g-star_children-6,yellow_caterpillar,1,yellow_hatter,1,dynamo_dormouse,1,n/a,0,n/a,0
hugin_munin-4,hugin_munin-5,blue_hatter,1,rahu-3,3,leedsichthys-4,2,n/a,0,n/a,0
hugin_munin-5,hugin_munin-6,blue_caterpillar,1,blue_hatter,1,deep_sea_turtle,1,little_humpty,1,n/a,0
freyr-4,freyr-5,red_hatter,1,megalodon-4,2,byggvir_beyla-4,2,n/a,0,n/a,0
freyr-5,freyr-6,little_humpty,1,red_caterpillar,1,red_hatter,1,flaming_dodo,1,n/a,0
yomi-4,yomi-5,yellow_hatter,1,hook-4,2,yuki-onna-4,2,n/a,0,n/a,0
yomi-5,yomi-6,little_humpty,1,yellow_caterpillar,1,yellow_hatter,1,dynamo_dormouse,1,n/a,0
shoki-4,shoki-5,green_hatter,1,yuki-onna-4,2,yuuya-4,3,n/a,0,n/a,0
shoki-5,shoki-6,green_caterpillar,1,little_humpty,1,green_hatter,1,thousand_gales_griffon,1,n/a,0
shiva-4,shiva-5,blue_hatter,1,lilian_blue-3,2,parvati-4,2,n/a,0,n/a,0
shiva-5,shiva-6,little_humpty,1,blue_rabbit,1,blue_caterpillar,1,blue_hatter,1,n/a,0
kama-4,kama-5,red_hatter,1,parvati-4,2,ananta-4,2,n/a,0,n/a,0
kama-5,kama-6,little_humpty,1,red_rabbit,1,red_caterpillar,1,red_hatter,1,n/a,0
gareth-4,gareth-5,green_hatter,1,lionel-4,2,land_dragon-4,2,n/a,0,n/a,0
gareth-5,gareth-6,little_humpty,1,green_caterpillar,1,green_hatter,1,thousand_gales_griffon,1,n/a,0
shingen_takeda-5,shingen_takeda-6,kanetsugu_naoe-4,3,ranmaru_mori-4,2,little_humpty,1,n/a,0,n/a,0
beelzebub-5,beelzebub-6,little_humpty,1,phoenix-4,2,siren-4,3,n/a,0,n/a,0
xena-5,xena-6,little_humpty,1,reflect_mirror-4,3,mr_whale-4,2,n/a,0,n/a,0
typhon-5,typhon-6,yellow_hatter,1,orthrus-4,3,rodan-4,2,little_humpty,1,n/a,0
louis_xvi-5,louis_xvi-6,little_humpty,1,red_hatter,1,nelson-4,3,versailles-4,2,n/a,0
osiris-5,osiris-6,little_humpty,1,ahemait-4,3,serket-4,2,green_hatter,1,n/a,0
benkei_musashibo-5,benkei_musashibo-6,little_humpty,1,yellow_hatter,1,shizuka_gozen-4,3,nasu_no_yoichi-4,2,n/a,0
tiamat-5,tiamat-6,little_humpty,1,pazuzu-4,3,humbaba-4,2,blue_hatter,1,n/a,0
michelangelo-5,michelangelo-6,yuki-onna-4,1,green_caterpillar,1,green_hatter,1,little_humpty,1,n/a,0
atlas-5,atlas-6,rodan-4,1,green_caterpillar,1,green_hatter,1,little_humpty,1,n/a,0
colchis-5,colchis-6,sugarful-4,1,blue_caterpillar,1,blue_hatter,1,little_humpty,1,n/a,0
lupica-5,lupica-6,little_humpty,1,yellow_hatter,1,merksha-4,3,ja_ridalsa-4,2,n/a,0
eris-5,eris-6,little_humpty,1,red_caterpillar,1,red_hatter,1,iria-4,1,n/a,0
cascade-5,cascade-6,little_humpty,1,yellow_caterpillar,1,yellow_hatter,1,yuuya-4,1,n/a,0
dong_zhuo-5,dong_zhuo-6,little_humpty,1,kaede-4,3,red_hare-4,2,green_hatter,1,n/a,0
diaochan-5,diaochan-6,little_humpty,1,merksha-4,3,red_hare-4,2,yellow_hatter,1,n/a,0
athena-5,athena-6,little_humpty,1,silvere-4,1,yellow_caterpillar,1,yellow_hatter,1,n/a,0
kali-5,kali-6,little_humpty,1,ananta-4,2,vritra-4,3,red_hatter,1,n/a,0
brahma-5,brahma-6,little_humpty,1,witch_octopus-4,2,vritra-4,3,blue_hatter,1,n/a,0
uranus-5,uranus-6,little_humpty,1,ja_ridalsa-4,3,cyclops-4,2,red_hatter,1,n/a,0
delphyne-5,delphyne-6,little_humpty,1,land_dragon-4,3,cyclops-4,2,green_hatter,1,n/a,0
osamu_dazai-5,osamu_dazai-6,little_humpty,1,parvati-4,3,motojiro_kajii-4,2,blue_hatter,1,n/a,0
shakespeare-5,shakespeare-6,little_humpty,1,gael-4,3,motojiro_kajii-4,2,yellow_hatter,1,n/a,0
hanbei_takenaka-5,hanbei_takenaka-6,little_humpty,1,pazuzu-4,3,sen_no_rikyu-4,2,blue_hatter,1,n/a,0
hel-5,hel-6,little_humpty,1,urashima-4,3,gjallarhorn-4,2,yellow_hatter,1,n/a,0
wakahirume-5,wakahirume-6,little_humpty,1,lindworm-3,3,auri-4,2,green_hatter,1,n/a,0
jekyll_hyde-5,jekyll_hyde-6,little_humpty,1,witch_octopus-4,3,three_piggies-4,2,red_hatter,1,n/a,0
hanzo_hattori-5,hanzo_hattori-6,little_humpty,1,sugarful-4,3,sen_no_rikyu-4,2,green_hatter,1,n/a,0
zenobia-5,zenobia-6,little_humpty,1,pazuzu-4,3,sparta-4,2,green_hatter,1,n/a,0
fiend_w_20_faces-5,fiend_w_20_faces-6,little_humpty,1,rahu-3,2,misako-3,3,blue_hatter,1,n/a,0
jiaolong-5,jiaolong-6,little_humpty,1,rahu-3,3,leedsichthys-4,2,n/a,0,n/a,0
jiaolong-5,jiaolong-ua,shiva-4,1,rahu-3,3,leedsichthys-4,3,n/a,0,n/a,0
jiaolong-6,jiaolong-ua,shiva-4,1,leedsichthys-4,2,n/a,0,n/a,0,n/a,0
jiaolong-ua,jiaolong-6,blue_rabbit,1,blue_caterpillar,1,blue_hatter,1,n/a,0,n/a,0
sun_wukong-5,sun_wukong-6,little_humpty,1,red_caterpillar,1,red_hatter,1,misako-3,1,lionel-4,1
sun_wukong-5,sun_wukong-ua,freyr-4,1,misako-3,3,megalodon-4,3,n/a,0,n/a,0
sun_wukong-6,sun_wukong-ua,freyr-4,1,megalodon-4,2,n/a,0,n/a,0,n/a,0
sun_wukong-ua,sun_wukong-6,red_rabbit,1,red_caterpillar,1,red_hatter,1,n/a,0,n/a,0
yue_lao-5,yue_lao-6,little_humpty,1,mikado-4,3,yuuya-4,2,yellow_hatter,1,n/a,0
yue_lao-5,yue_lao-ua,mikado-4,3,yuuya-4,3,typhon-5,1,n/a,0,n/a,0
yue_lao-6,yue_lao-ua,mikado-4,2,typhon-5,1,n/a,0,n/a,0,n/a,0
yue_lao-ua,yue_lao-6,yellow_rabbit,1,yellow_caterpillar,1,yellow_hatter,1,n/a,0,n/a,0
ox-head_horse-face-5,ox-head_horse-face-6,little_humpty,1,lessa_gigan-4,3,kanetsugu_naoe-4,2,green_hatter,1,n/a,0
lan_caihe-5,lan_caihe-6,little_humpty,1,yuki-onna-4,1,merksha-4,1,blue_caterpillar,1,blue_hatter,1
zhang_guolao-5,zhang_guolao-6,little_humpty,1,yellow_caterpillar,1,yellow_hatter,1,versailles-4,1,humbaba-4,1
cao_guojiu-5,cao_guojiu-6,little_humpty,1,woolfe-4,2,nasu_no_yoichi,3,green_hatter,1,n/a,0
zhongli_quan-5,zhongli_quan-6,little_humpty,1,misako-3,3,land_dragon-4,2,red_hatter,1,n/a,0
hong_gui-5,hong_gui-6,little_humpty,1,reflect_mirror-4,1,serket-4,1,red_caterpillar,1,red_hatter,1
ji_chang-5,ji_chang-6,little_humpty,1,iria-4,1,shizuka_gozen-4,1,red_caterpillar,1,red_hatter,1
naga-5,naga-6,little_humpty,1,chika-3,2,haydn_ogre-4,1,green_caterpillar,1,green_hatter,1
hellsing-5,hellsing-6,little_humpty,1,gael-4,1,hook-4,2,yellow_caterpillar,1,yellow_hatter,1
antoine-5,antoine-6,little_humpty,1,blue_hatter,1,reflect_mirror-4,2,gjallarhorn-4,3,n/a,0
colossus-5,colossus-6,little_humpty,1,urashima-4,2,orthrus-4,2,red_hatter,1,n/a,0
nightgaunt-5,nightgaunt-6,little_humpty,1,yuzuru-4,3,vritra-4,2,blue_hatter,1,n/a,0
mongryeong-5,mongryeong-6,little_humpty,1,fernyiges-3,3,woolfe-4,2,green_hatter,1,n/a,0
jeon_woochi-5,jeon_woochi-6,little_humpty,1,witch_octopus-4,2,phoenix-4,3,red_hatter,1,n/a,0
hongryeon-5,hongryeon-6,little_humpty,1,hook-4,2,humbaba-4,2,yellow_caterpillar,1,yellow_hatter,1
gyebaek-5,gyebaek-6,little_humpty,1,leedsichthys-4,3,parvati-4,2,blue_hatter,1,n/a,0
paper-5,paper-6,little_humpty,1,unicorn-3,2,archelon-4,3,green_hatter,1,n/a,0
movable_type-5,movable_type-6,little_humpty,1,fernyiges-3,3,mikado-4,2,yellow_hatter,1,n/a,0
gunpowder-5,gunpowder-6,little_humpty,1,misako-3,2,megalodon-4,3,red_hatter,1,n/a,0
compass-5,compass-6,little_humpty,1,parvati-4,3,siren-4,2,blue_hatter,1,n/a,0
kanbei-3,kanbei-4,kanbei-3,1,kanbei-3,1,kanbei-3,1,n/a,0,n/a,0
kanbei-4,kanbei-5,kanbei-4,60,n/a,0,n/a,0,n/a,0,n/a,0
kanbei-5,kanbei-6,little_humpty,1,kanbei-5,10,kanbei-5,10,kanbei-5,10,n/a,0
hikoboshi-5,hikoboshi-6,little_humpty,1,mikado-4,1,reflect_mirror-4,1,green_hatter,1,n/a,0
summer_qilin-5,summer_qilin-6,little_humpty,1,red_hatter,1,witch_octopus-4,1,urashima-4,1,n/a,0
dolce-5,dolce-6,little_humpty,1,nue-3,2,hook-4,3,yellow_hatter,1,n/a,0
spur-5,spur-6,little_humpty,1,leedsichthys-4,3,siren-4,2,blue_hatter,1,n/a,0
paula_danny-5,paula_danny-6,little_humpty,1,lisa-3,2,sugarful-4,3,red_hatter,1,n/a,0
totori-5,totori-6,little_humpty,1,orthrus-4,2,phoenix-4,3,red_hatter,1,n/a,0
white_day_grimm-5,white_day_grimm-6,little_humpty,1,rodan-4,2,lionel-4,3,yellow_hatter,1,n/a,0
yoshino-5,yoshino-6,little_humpty,1,nelson-4,3,sen_no_rikyu-4,2,blue_hatter,1,n/a,0
skulz-5,skulz-6,little_humpty,1,pazuzu-4,3,auri-4,2,green_hatter,1,n/a,0
hellraiser-5,hellraiser-6,little_humpty,1,byggvir_beyla-4,2,reflect_mirror-4,3,red_hatter,1,n/a,0
bride_amaterasu-6,bride_amaterasu-ua,true_wedding_ring,1,n/a,0,n/a,0,n/a,0,n/a,0
bride_amaterasu-ua,bride_amaterasu-6,green_hatter,1,n/a,0,n/a,0,n/a,0,n/a,0
garnet-6,garnet-ua,true_wedding_ring,1,n/a,0,n/a,0,n/a,0,n/a,0
garnet-ua,garnet-6,red_hatter,1,n/a,0,n/a,0,n/a,0,n/a,0
miracle_happy-5,miracle_happy-6,melissa-3,2,morris-3,2,nimda-3,2,n/a,0,n/a,0
erwin-5,erwin-6,little_humpty,1,byggvir_beyla-4,2,pazuzu-4,3,red_hatter,1,n/a,0
phi-5,phi-6,little_humpty,1,fernyiges-3,3,rodan-4,2,yellow_hatter,1,n/a,0
s_f_hanbei_takenaka-5,s_f_hanbei_takenaka-6,s_f_yukimura_sanada,10,s_f_tink,2,s_f_happy,30,n/a,0,n/a,0
legato-5,legato-6,s_f_shoki,10,s_f_tink,30,s_f_happy,2,n/a,0,n/a,0
cabir-5,cabir-6,little_humpty,1,lisa-3,3,nelson-4,2,blue_hatter,1,n/a,0
kevin_nikita-5,kevin_nikita-6,little_humpty,1,kevin_pulse_gun,50,n/a,0,n/a,0,n/a,0
poirot-5,poirot-6,little_humpty,1,the_orient,1,n/a,0,n/a,0,n/a,0
ibaraki-doji-5,ibaraki-doji-6,little_humpty,1,mikado-4,3,shizuka_gozen-4,2,yellow_hatter,1,n/a,0
fallen_uriel-5,fallen_uriel-6,ashley-3,1,n/a,0,n/a,0,n/a,0,n/a,0
fallen_gabrielle-5,fallen_gabrielle-6,unicorn-3,1,n/a,0,n/a,0,n/a,0,n/a,0
jerry_mech_joe-5,jerry_mech_joe-normal,awesome_arm_part,1,n/a,0,n/a,0,n/a,0,n/a,0
jerry_mech_joe-5,jerry_mech_joe-drill,drill_part,1,n/a,0,n/a,0,n/a,0,n/a,0
jerry_mech_joe-5,jerry_mech_joe-buster,joe_buster_part,1,n/a,0,n/a,0,n/a,0,n/a,0
jerry_mech_joe-normal,jerry_mech_joe-drill,drill_part,1,n/a,0,n/a,0,n/a,0,n/a,0
jerry_mech_joe-normal,jerry_mech_joe-buster,joe_buster_part,1,n/a,0,n/a,0,n/a,0,n/a,0
jerry_mech_joe-drill,jerry_mech_joe-normal,awesome_arm_part,1,n/a,0,n/a,0,n/a,0,n/a,0
jerry_mech_joe-drill,jerry_mech_joe-buster,joe_buster_part,1,n/a,0,n/a,0,n/a,0,n/a,0
jerry_mech_joe-buster,jerry_mech_joe-normal,awesome_arm_part,1,n/a,0,n/a,0,n/a,0,n/a,0
jerry_mech_joe-buster,jerry_mech_joe-drill,drill_part,1,n/a,0,n/a,0,n/a,0,n/a,0
dormouse-5,dormouse-6,rahu-3,1,lisa-3,1,dynamo_dormouse,1,n/a,0,n/a,0
akiko_yosano-5,akiko_yosano-6,rahu-3,1,n/a,0,n/a,0,n/a,0,n/a,0
hallucigenia-5,hallucigenia-6,ashley-3,1,n/a,0,n/a,0,n/a,0,n/a,0
isekai_baphomet-5,isekai_baphomet-6,ananta-4,1,hook-4,1,n/a,0,n/a,0,n/a,0
kumagusu-5,kumagusu-6,mikado-4,1,n/a,0,n/a,0,n/a,0,n/a,0
idol_pati_praline-5,idol_pati_praline-6,nue-3,1,n/a,0,n/a,0,n/a,0,n/a,0
idol_pati_praline-5,idol_pati_praline-ua,manager_sweet_box,1,nue-3,1,n/a,0,n/a,0,n/a,0
idol_pati_praline-6,idol_pati_praline-ua,manager_sweet_box,1,n/a,0,n/a,0,n/a,0,n/a,0
idol_pati_praline-ua,idol_pati_praline-6,green_caterpillar,1,n/a,0,n/a,0,n/a,0,n/a,0
nian_beast-5,nian_beast-6,little_humpty,1,woolfe-4,1,haydn_ogre-4,1,green_caterpillar,1,green_hatter,1
fahai-5,fahai-6,little_humpty,1,mikado-4,3,sugaru-4,2,yellow_hatter,1,n/a,0
crystal_nian_beast-5,crystal_nian_beast-6,little_humpty,1,nue-3,3,lionel-4,2,yellow_hatter,1,n/a,0
columbus-5,columbus-6,little_humpty,1,yuuya-4,3,humbaba-4,2,yellow_hatter,1,n/a,0
qin_dragon_boat-5,qin_dragon_boat-6,little_humpty,1,parvati-4,2,rodan-4,3,blue_hatter,1,n/a,0
hatsune_miku_v3-4,hatsune_miku_v3-5,yellow_hatter,1,winter_sports_miku-3,1,winter_sports_miku-3,1,winter_sports_miku-4,1,winter_sports_miku-4,1
hatsune_miku_v3-5,hatsune_miku_v3-6,little_humpty,1,ananta-4,3,snow_miku_2017-5,2,yellow_hha,1,n/a,0
izaya_orihara-5,izaya_orihara-6,aoba_kuronoma-4,2,masaomi_kida-4,3,little_humpty,1,n/a,0,n/a,0
anri_sonohara-5,anri_sonohara-6,aoba_kuronoma-4,3,masaomi_kida-4,2,little_humpty,1,n/a,0,n/a,0
sanrio_azazel-5,sanrio_azazel-6,little_humpty,1,hello_kitty_ribbon,4,mommy_apple_pie,4,n/a,0,n/a,0
colossal_titan-5,colossal_titan-6,little_humpty,1,female_titan-4,1,female_titan-4,1,armored_titan-4,1,armored_titan-4,1
snow_miku_2017-5,snow_miku_2017-6,little_humpty,1,terabell-4,2,mr_whale-4,3,green_hatter,1,n/a,0
kaito_hamelin-5,kaito_hamelin-6,little_humpty,1,blue_rabbit,1,blue_caterpillar,1,blue_hatter,1,n/a,0
rin_inaba-5,rin_inaba-6,little_humpty,1,yellow_rabbit,1,yellow_caterpillar,1,yellow_hatter,1,n/a,0
miku_murasaki_shikibu-5,miku_murasaki_shikibu-6,little_humpty,1,green_rabbit,1,green_caterpillar,1,green_hatter,1,n/a,0
valkyrie_cat-4,valkyrie_cat-5,cat,2,tank_cat,2,yellow_hatter,1,n/a,0,n/a,0
valkyrie_cat-5,valkyrie_cat-6,little_humpty,1,yellow_hatter,1,cat,2,tank_cat,3,n/a,0
bahamut_cat-5,bahamut_cat-6,little_humpty,1,axe_cat,3,gross_cat,2,blue_hatter,1,n/a,0
scar-5,scar-6,little_humpty,1,envy-5,3,pride-5,2,blue_hatter,1,n/a,0
ryuji_yamazaki-4,ryuji_yamazaki-5,silvere-4,2,kim_kaphwan-5,2,yellow_hatter,1,n/a,0,n/a,0
ryuji_yamazaki-5,ryuji_yamazaki-6,little_humpty,1,silvere-4,2,kim_kaphwan-5,3,yellow_hatter,1,n/a,0
kim_kaphwan-5,kim_kaphwan-6,little_humpty,1,iria-4,2,ryuji_yamazaki-4,2,blue_hatter,1,n/a,0
chris-5,chris-6,little_humpty,1,archelon-4,2,ryuji_yamazaki-4,3,red_hatter,1,n/a,0
chris-5,chris-ua,milly-4,3,kim_kaphwan-5,3,flaming_dodo,1,n/a,0,n/a,0
chris-6,chris-ua,milly-4,2,kim_kaphwan-5,2,n/a,0,n/a,0,n/a,0
chris-ua,chris-6,red_rabbit,1,red_caterpillar,1,red_hatter,1,n/a,0,n/a,0
snow_miku_2018-5,snow_miku_2018-6,little_humpty,1,blue_cheshire,1,blue_rabbit,1,blue_caterpillar,1,n/a,0
azazel_kaito-5,azazel_kaito-6,blue_hatter,2,blue_caterpillar,3,n/a,0,n/a,0,n/a,0
vibrio_enteritis-5,vibrio_enteritis-6,green_hatter,2,green_caterpillar,3,n/a,0,n/a,0,n/a,0
dragon_zombie-5,dragon_zombie-6,green_hatter,2,green_caterpillar,3,n/a,0,n/a,0,n/a,0
rose_garden_witch-5,rose_garden_witch-6,blue_hatter,2,blue_caterpillar,3,n/a,0,n/a,0,n/a,0
lessar-5,lessar-6,yellow_hatter,2,yellow_caterpillar,3,n/a,0,n/a,0,n/a,0
natsumi-5,natsumi-6,green_hatter,2,green_caterpillar,3,n/a,0,n/a,0,n/a,0
natsumi-5,natsumi-ua,shido,1,n/a,0,n/a,0,n/a,0,n/a,0
natsumi-6,natsumi-ua,shido,1,n/a,0,n/a,0,n/a,0,n/a,0
natsumi-ua,natsumi-6,green_hatter,2,green_caterpillar,3,n/a,0,n/a,0,n/a,0
terabell-4,terabell-5,red_cheshire,1,red_rabbit,2,red_caterpillar,1,red_hatter,1,n/a,0
terabell-5,terabell-6,little_humpty,1,red_cheshire,3,red_rabbit,1,n/a,0,n/a,0
urashima-4,urashima-5,red_cheshire,1,red_rabbit,2,red_caterpillar,1,red_hatter,1,n/a,0
urashima-5,urashima-6,little_humpty,1,red_cheshire,3,red_rabbit,1,n/a,0,n/a,0
kaede-4,kaede-5,green_cheshire,1,green_rabbit,2,green_caterpillar,1,green_hatter,1,n/a,0
kaede-5,kaede-6,little_humpty,1,green_cheshire,3,green_rabbit,1,n/a,0,n/a,0
silvere-4,silvere-5,blue_cheshire,1,blue_rabbit,2,blue_caterpillar,1,blue_hatter,1,n/a,0
silvere-5,silvere-6,little_humpty,1,blue_cheshire,3,blue_rabbit,1,n/a,0,n/a,0
ja_ridalsa-4,ja_ridalsa-5,red_cheshire,1,red_rabbit,2,red_caterpillar,1,red_hatter,1,n/a,0
ja_ridalsa-5,ja_ridalsa-6,little_humpty,1,red_cheshire,3,red_rabbit,1,n/a,0,n/a,0
nasu_no_yoichi-4,nasu_no_yoichi-5,green_cheshire,1,green_rabbit,2,green_caterpillar,1,green_hatter,1,n/a,0
nasu_no_yoichi-5,nasu_no_yoichi-6,little_humpty,1,green_cheshire,3,green_rabbit,1,n/a,0,n/a,0
ranmaru_mori-4,ranmaru_mori-5,yellow_cheshire,1,yellow_rabbit,2,yellow_caterpillar,1,yellow_hatter,1,n/a,0
ranmaru_mori-5,ranmaru_mori-6,little_humpty,1,yellow_cheshire,3,yellow_rabbit,1,n/a,0,n/a,0
leedsichthys-4,leedsichthys-5,blue_cheshire,1,blue_rabbit,2,blue_caterpillar,1,blue_hatter,1,n/a,0
leedsichthys-5,leedsichthys-6,little_humpty,1,blue_cheshire,3,blue_rabbit,1,n/a,0,n/a,0
anastasia-4,anastasia-5,blue_cheshire,1,blue_rabbit,2,blue_caterpillar,1,blue_hatter,1,n/a,0
anastasia-5,anastasia-6,blue_hatter,2,blue_caterpillar,3,n/a,0,n/a,0,n/a,0
anomalocaris-4,anomalocaris-5,yellow_cheshire,1,yellow_rabbit,2,yellow_caterpillar,1,yellow_hatter,1,n/a,0
anomalocaris-5,anomalocaris-6,yellow_hatter,2,yellow_caterpillar,3,n/a,0,n/a,0,n/a,0
sugaru-4,sugaru-5,yellow_cheshire,1,yellow_rabbit,2,yellow_caterpillar,1,yellow_hatter,1,n/a,0
sugaru-5,sugaru-6,yellow_hatter,2,yellow_caterpillar,3,n/a,0,n/a,0,n/a,0
tesla-4,tesla-5,yellow_rabbit,3,yellow_caterpillar,1,yellow_hatter,1,n/a,0,n/a,0
tesla-5,tesla-6,little_humpty,1,hook-4,2,ranmaru_mori-4,3,yellow_hatter,1,n/a,0
charlie-4,charlie-5,blue_rabbit,3,blue_caterpillar,1,blue_hatter,1,n/a,0,n/a,0
charlie-5,charlie-6,little_humpty,1,blue_caterpillar,1,blue_hatter,1,deep_sea_turtle,1,n/a,0
boyle-4,boyle-5,red_rabbit,3,red_caterpillar,1,red_hatter,1,n/a,0,n/a,0
boyle-5,boyle-6,little_humpty,1,red_rabbit,1,red_caterpillar,2,red_hatter,1,n/a,0
melissa-3,melissa-4,red_cheshire,3,red_rabbit,1,red_caterpillar,1,n/a,0,n/a,0
melissa-4,melissa-5,red_rabbit,1,red_caterpillar,2,red_hatter,2,n/a,0,n/a,0
melissa-5,melissa-6,little_humpty,1,red_rabbit,1,red_caterpillar,1,red_hatter,1,flaming_dodo,1
happy-3,happy-4,green_caterpillar,1,n/a,0,n/a,0,n/a,0,n/a,0
happy-4,happy-5,green_rabbit,1,green_caterpillar,2,green_hatter,2,n/a,0,n/a,0
happy-5,happy-6,little_humpty,1,green_rabbit,1,green_caterpillar,1,green_hatter,1,thousand_gales_griffon,1
morris-3,morris-4,blue_cheshire,3,blue_rabbit,1,blue_caterpillar,1,n/a,0,n/a,0
morris-4,morris-5,blue_rabbit,1,blue_caterpillar,2,blue_hatter,2,n/a,0,n/a,0
morris-5,morris-6,little_humpty,1,blue_rabbit,1,blue_caterpillar,1,blue_hatter,1,deep_sea_turtle,1
nimda-3,nimda-4,yellow_cheshire,3,yellow_rabbit,1,yellow_caterpillar,1,n/a,0,n/a,0
nimda-4,nimda-5,yellow_rabbit,1,yellow_caterpillar,2,yellow_hatter,2,n/a,0,n/a,0
nimda-5,nimda-6,little_humpty,1,yellow_rabbit,1,yellow_caterpillar,1,yellow_hatter,1,dynamo_dormouse,1
muse-5,muse-6,little_humpty,1,yellow_cheshire,1,yellow_rabbit,1,yellow_caterpillar,1,n/a,0
suzaku-3,suzaku-4,red_cheshire,2,red_rabbit,1,red_caterpillar,2,n/a,0,n/a,0
suzaku-4,suzaku-5,red_rabbit,4,red_hatter,1,n/a,0,n/a,0,n/a,0
suzaku-5,suzaku-6,little_humpty,1,red_caterpillar,1,red_hatter,1,flaming_dodo,1,n/a,0
genbu-3,genbu-4,green_cheshire,2,green_rabbit,1,green_caterpillar,2,n/a,0,n/a,0
genbu-4,genbu-5,green_rabbit,4,green_hatter,1,n/a,0,n/a,0,n/a,0
genbu-5,genbu-6,little_humpty,1,green_caterpillar,1,green_hatter,1,thousand_gales_griffon,1,n/a,0
seiryu-3,seiryu-4,blue_cheshire,2,blue_rabbit,1,blue_caterpillar,2,n/a,0,n/a,0
seiryu-4,seiryu-5,blue_rabbit,4,blue_hatter,1,n/a,0,n/a,0,n/a,0
seiryu-5,seiryu-6,little_humpty,1,blue_caterpillar,1,blue_hatter,1,deep_sea_turtle,1,n/a,0
byakko-3,byakko-4,yellow_cheshire,2,yellow_rabbit,1,yellow_caterpillar,2,n/a,0,n/a,0
byakko-4,byakko-5,yellow_rabbit,4,yellow_hatter,1,n/a,0,n/a,0,n/a,0
byakko-5,byakko-6,little_humpty,1,yellow_caterpillar,1,yellow_hatter,1,dynamo_dormouse,1,n/a,0
farnese-5,farnese-red,heart-red,1,farnese_core,20,n/a,0,n/a,0,n/a,0
farnese-5,farnese-green,heart-green,1,farnese_core,20,n/a,0,n/a,0,n/a,0
farnese-5,farnese-blue,heart-blue,1,farnese_core,20,n/a,0,n/a,0,n/a,0
farnese-5,farnese-yellow,heart-yellow,1,farnese_core,20,n/a,0,n/a,0,n/a,0
star_piece,xmas_date_corin,ornament,30,n/a,0,n/a,0,n/a,0,n/a,0
star_piece,xmas_date_beelzebub,ornament,30,n/a,0,n/a,0,n/a,0,n/a,0
star_piece,xmas_date_oz,ornament,30,n/a,0,n/a,0,n/a,0,n/a,0
star_piece,xmas_date_yomi,ornament,30,n/a,0,n/a,0,n/a,0,n/a,0
star_piece,xmas_date_jeanne,ornament,30,n/a,0,n/a,0,n/a,0,n/a,0
star_piece,xmas_date_wakahirume,ornament,30,n/a,0,n/a,0,n/a,0,n/a,0
star_piece,xmas_date_eris,ornament,30,n/a,0,n/a,0,n/a,0,n/a,0
star_piece,xmas_date_kama,ornament,30,n/a,0,n/a,0,n/a,0,n/a,0
mini_demia-5,mini_demia-6,red_cheshire,1,green_cheshire,1,blue_cheshire,1,yellow_cheshire,1,n/a,0
fude_zhengshen-5,fude_zhengshen-6,little_humpty,1,blue_rabbit,1,blue_caterpillar,1,blue_hatter,1,deep_sea_turtle,1
fude_zhengshen_2018-5,fude_zhengshen_2018-6,little_humpty,1,red_rabbit,1,red_caterpillar,1,red_hatter,1,flaming_dodo,1
shoggoth-5,shoggoth-6,little_humpty,1,green_rabbit,1,green_caterpillar,1,green_hatter,1,thousand_gales_griffon,1
uleong_gagsi-5,uleong_gagsi-6,little_humpty,1,green_rabbit,1,green_caterpillar,1,green_hatter,1,thousand_gales_griffon,1
cho_lon-5,cho_lon-6,yellow_ducksworth,1,n/a,0,n/a,0,n/a,0,n/a,0
liu_zhonglu-5,liu_zhonglu-6,little_humpty,1,green_rabbit,1,green_caterpillar,1,green_hatter,1,thousand_gales_griffon,1
rabbit_yukine_2017-5,rabbit_yukine_2017-6,little_humpty,1,anastasia-4,2,yuki-onna-4,3,blue_hatter,1,n/a,0
apple_cat-5,apple_cat-6,little_humpty,1,cat,3,gross_cat,2,green_hatter,1,n/a,0
kyo_kusanagi_95-5,kyo_kusanagi_95-6,little_humpty,1,red_hatter,1,hydra-3,2,misako-3,3,n/a,0
athena_asamiya-5,athena_asamiya-6,little_humpty,1,yuuya-4,2,ryuji_yamazaki-4,3,green_hatter,1,n/a,0
konosuba_chris-5,konosuba_chris-6,thief_treasure_chest,1,n/a,0,n/a,0,n/a,0,n/a,0
momotaro-4,momotaro-5,cat_food,1,n/a,0,n/a,0,n/a,0,n/a,0
momotaro-5,momotaro-6,cat_food,1,cat_food,1,cat_food,1,n/a,0,n/a,0
snow_miku_2019-5,snow_miku_2019-6,blue_hatter,2,blue_caterpillar,3,n/a,0,n/a,0,n/a,0
mana_takamiya-5,mana_takamiya-6,blue_hatter,2,blue_caterpillar,3,n/a,0,n/a,0,n/a,0
mana_takamiya-5,mana_takamiya-ua,shido,1,n/a,0,n/a,0,n/a,0,n/a,0
mana_takamiya-6,mana_takamiya-ua,shido,1,n/a,0,n/a,0,n/a,0,n/a,0
mana_takamiya-ua,mana_takamiya-6,blue_hatter,2,blue_caterpillar,3,n/a,0,n/a,0,n/a,0
,,,,,,,,,,,
